biden,british,california,change,climate,company,country,day,days,deadly,electric,extreme,firefighters,fires,hawaii,hawaiian,high,hilary,hit,hurricane,just,lahaina,left,like,make,maui,national,new,news,officials,people,read,risk,said,says,season,state,storm,thursday,time,town,tropical,video,water,week,wildfires,work,world,year,years
,,,,,company,,,,,,,,,,,,,,,,,,,,,,,,,,,,,,,,,,,,,,,,,,,,
,british,,,,,,,,,,,,,,,,,,,,,,,,,,,,,,,,,,,,,,,,,,,,,,,,
,,,,,,,day,,,,,,,,,,,,,,,,,,,,,,,,,,,,,,,,,,,,,,,,,,
,,,,,,,,,,,,,,,,,,,,,,,,make,maui,,,,,people,,,,,,,,,,,,,,,,,,,
,,,,,,,,,deadly,electric,,,,,hawaiian,,,,,,,,,,maui,,,,,,,,,,,,,,,,,video,,,,,,,
,,,,,,,,,,,,,,,,,,,,,,,,,,,,,,,,,,,,,,,,,,,,,,,,,
,,,,,,,,,,,,,,,,,,,,,,,,,,national,,,,,,,,,,,,,,,,,,,,,,,
biden,,,,,,,,,,,,,,,,,,,,,,,,,maui,,,,,,,,,,,,,,,,,,,,,,,,
,,,,,,,,,,,,,,,hawaiian,,,,,,,,,,maui,,,,,,,,,,,,,,,,,,,,,,,,
biden,,,,,,,,,,,,,,,,,,,,,,,,,maui,,,,,,,,,,,,,,,,,,,,,,,,
,,,,,,,,,,,,,,,,,,,,,,,,,,,,,,,,,,,,,,,,,,,,,,,,,
,,,,,,,,,,,,,,,,,,,,,,,,,maui,,,,,,,,,,,,,,,,,,,,,,,,
,,,,,,,,,,,,,fires,,,,,,,,lahaina,,,,maui,,,,,,,,,,,,,,,town,,,,,,,,,years
,,,,,,,,,,,,,,,,,,,,,,,,,,,,news,,,,,,,,,,,,,,,,,,,,,
,,,,,,country,,,,,,,,,,,,,,,,,,make,,,,,,,,,,,,,,,,,,,,,wildfires,,,,
,,,,,,,,,,,,,,hawaii,,,,,,,,,,,maui,,,,officials,,,,,,,,,,,,,,,,,,,,
,,,,,,,,,,,,,,,,,,,,,,left,,,,,,,,,,,said,,,state,,,,,,,,,,,,,
,,,,,,,,,,,,,,,,,,,,,,,,,,,,,,,,,,,,,,,,,,,,,,,,,
,,,change,climate,,,,,,,,,,,,,,,,,,,,,,,,,,,,,,,,,,,,,,,,,wildfires,,,,
,,,,,company,,,,,,,,,,,,,,,,,,,,,,,,,,,,,,,,,,,,,,,,,,,,
,,,change,climate,,,,,,,,,,,,,,,,,,,,,maui,,,,,,,,,,,,,,,,,,,,wildfires,,,,
,,,,,,,,,deadly,,,,,,hawaiian,,,,,,,,,,maui,,,,officials,,,,,,,,,,,,,,,week,,,,,
,,california,,,,,,,,,,,,,,,hilary,,,,,,,make,,,,,,,,,,,,,storm,,,,tropical,,,,,,,,years
,,,,,,,,,,,,,,,,,,,,,,,,,,,,,,,,,,,,,,,,,,,,,,,,,
,,,,,,,,,,,,,fires,,,,,,,,,,like,,,,,,,,,,,,,,,,,,,,,,,,,,
,,,,,,,,,,,,firefighters,,,,,,,,,,,,,maui,,,,,,,,,,,,,,,,,,,,,,,,
,,,,,,,,,deadly,,,,,,,,,,,,,,,,maui,,,,,,,,,,,,,,,,,,,,,,,,
,,,,,,,,,,,,,,,,,,,,,,,,,maui,,,,,,,,,,,,,,,,,,,,,,,,
biden,,,,,,,,,,,,,,,,,,,,,lahaina,,,,maui,,,,,,,,,,,,,,,,,,,,wildfires,,,,
,,,,,,,,,deadly,,,,,,,,,,,,,,,,,,,,,,,,,,,,,thursday,,,,,,,wildfires,,,,
,,,,,,,,,,,,,,,,,,,,,,,,,,national,,,,,,,,,,,,thursday,,,,,,,,,,,
,,california,,,,,,,,,,,,,,,hilary,,hurricane,,,,,,,,,,,,,,,,,state,,,,,,,,,,,,,
,british,,,,,,,,,,,,,,,,,,,,,,,,,,,,,,,,,,,,,,,,,,,,,,,,
,,,,climate,company,,,,,electric,,,,,hawaiian,,,,,,,,,,,,,,,,,,,,,,,,,,,,,,,,,,
,,,,,,,,,,,,,,,,,,,,,,,,,,,,,,,,,,,,,,,,,,,,,,,,,
,,,,,,,,,,,,,,,,,,,,,,,,,,,new,,,,,,,,,,,,,,,,,,wildfires,,world,,
,,,,,,,,,,,,,,,,,,,,,,,,,,,,,,,,,,,,,,,,,,,,,,,,,
,,,,,,,,,,,,,fires,,,high,,,,,,,,,maui,,,,,,,risk,,,,,storm,,,,,,,,,,,,years
,,,,,,,day,,,,,,,,,,,,,,,,,,,,,,,,,,,,season,,,,,,,,,,,,,,
,,,,,,,,,,,,firefighters,,,,,,,,,,,,,,,,,,,,,,,,,,,,,,,,,,,,,
,,,,,,,,,,,,,,,,,,,,,,left,,,,,,,,people,,,,,,,,,,,,,,week,wildfires,,,,
,,,,,,,,,,,,,,,,,,,,,,,,,maui,,,,,,,,,says,,,,,,,,,,,,,,,
,,,,climate,,,,,,,,,,,,,,,,,,,,,,,,,,people,,,,,,,,,,,,,,,wildfires,,,,
,,,,,,,,,,electric,,,,,hawaiian,high,,,,,,,,,maui,,,,,,,,,,,,,thursday,,,,,,,,,,,
,british,,,,,,,,,,,,,,,,,,,,,,,,,,,,officials,,,,,,,,,,,,,,,,wildfires,,,,
,,,,,,,,,,,,firefighters,,,,,,,,,,,,,,,,,,,,,,,,,,,,,,,,,,,,,
,,,,,company,,,,,,,,,,,,,,,,,,,,,,,,,,,,said,,,,,,,,,,,,,,,,
,,,,,,,,,,,,,,,,,,,,,,,,,,,,,,,,,,,,,,,,,,video,,,,,,,
,,,,,,,,,,,,,,,,,,,,,,,,,maui,,,,,people,,,,,,,,,,,,,,,wildfires,,,,
,british,,,,,,,,,,,,,,,,,,,,,,,,,,,,,,,,said,,season,,,,,,,,,,,,,,
,,,,,,,,,,,,,,,,,,,,,,,,,,,,,,,,risk,,,,,,,,,,,,,wildfires,,,,
biden,,,,,,,,,,,extreme,,,,,,,,,,,,,,,,,,,,,,said,,,,,,,,,,,,,,,year,
,,,,,,,,,,,,,,,,high,,,,,,,,,maui,,,,,,,,,,,,,,,,,,,,,,,,
,,,,,,,,,,,,,,,,,,,,,,,,,maui,,,,,,,,,,,,,,,,,,,,,,,,
,,,,,,,,,deadly,,,,,,,,,,,,,,,,maui,,,,,,,,,,,,,,,,,video,,,wildfires,,,,
,,,change,climate,,,,,,,,,,,,,hilary,,,,,,,,maui,,,,,,,,,,,,storm,,,,tropical,,,,wildfires,,,,
,,,,,,,,,,,,,,,,,,,,,,,,,,,,,,,,,,,,,,,,,,,,,,,,,
,,,change,climate,,,,,,,,,,,,,,,,,,,,,,,,,,,,,,,,,,,,,,,,,,,,,
,,,,,,,,,,,,,,,,,,,,,,,,,,,,,,,,,,,,,,,,,,,,,,,,,
,,california,,,,,,,,,,,,,,,,,,,,,,,,national,,,,,,,,,,,,,,,,,,,wildfires,work,,,
,,,,,,,,,,,,,,,,,,,,,,,,,,,,,,,,,said,,,,,,,,,,,,,,,,
,,,,,,,,,,electric,,firefighters,,hawaii,,,,,,,,,,,maui,,,,,,,,,,,,,,,,,,,,,,,,
,,,,,,,,days,,,,,,,,,,,,,lahaina,,,,maui,,,,,,,,,,,,,,,town,,video,,,,,,,
,,,,,,,,,,,,,,,,,,,,,,,,,,,,news,,,,,,,,,,,,,,,,,,,,,
,,,,,,,,,,,,,,,hawaiian,,,,,,lahaina,,like,,,,,,,,,risk,,,,,,,,town,,,,,,,,,
,,california,,,,,,,,,,,,,,,,,,,,,,,,,,,,,,,,,,,,,,town,,,,,,,,,
,,,,,,,,days,,,,firefighters,,,,,,,,,,left,,,,,,,,people,,,,,,,,,,,,,water,,wildfires,,,,
,,,,,,,,,,,,,,hawaii,,,,,,,lahaina,,,,,,,,,,,,said,,,state,,,,,,,,,,work,,,
,,,,,,,,,,,,,,,,,,,,,,,,,,,,,,,,,,,,,,,,,,,,,,,,,
biden,,,,,,,,,,,,,,,,high,,hit,,,,,,,,,,news,,,,,,,,,,,,,,,,week,,,,,
,british,,,,,,,,,,,,,,,,,,,,,,,,,,,,,,,,,,,,,,,,,,,,,,,,
,,,,,,country,,,,,,,,,,,,,,just,,,,,,,,,officials,people,,,,,,,,,,,,,,week,,,,,
,,,,,,,,,,,,,,,,,,,,,,,,,maui,,,,,,,,,,,,,,,,,,,,,,,,
,,,,,,,,,,,,,,hawaii,,,,,,,,,,,,,,,,,,,,,,,,,,,,,,,,,,,
,british,,,,,,,,,,,firefighters,,,,,,,,,,,,,,,,,,,,,,,,,,,,,,video,,,,,,,
biden,,,,,,,,,,,,,,,,,,,,,,,,,,,,,,,,,,,,,,,,,,,,week,,,,,
,,,,,,,,,,,,,,hawaii,,,,,,,,,,,,,,news,officials,,,,,,,state,,,,,,,,,,,,,
,,,,,,,day,days,,,,,,,,,,,,,,,,,,,,,,people,,,,,,,,,,,,,,,,,,,
,,,,,,,,,,,,,,,,,,,,,,,,,maui,,,,,people,,,,,,,,,,,,,,,,,,,
,,,,,,,,,,,,,,,,high,,,,,,,,,maui,,,,,,read,,,,,state,,,,,,,,,,,,,
,,,,,,country,,,,,,,,,,,,,,,,,,,,,,,,,,risk,,,,,,,,,,,,,wildfires,,,,
,,,,,,,,,,,,,fires,,,,,,,,,,,,,,,,,,,,,,,,,,,,,,water,,,,,,
,,,,,,,,,deadly,,,firefighters,,,,,,,,,,,,,,,new,,,,,,,,,,,,,,,,,,wildfires,,,,
,,,,,,,,,,,,,,,,,,,,,,,,,maui,,,,,,,,said,,,,,,,,,,,,,,,,
,,,,,,,,,,,,,,hawaii,,,,,,,,,,,,,,,,people,,,said,,,,,,,,,,,,,,,,
,,,,,,,,,,,,,,,,,,,,,,,,,,,new,,,,,risk,,,,,,,,,,,,,wildfires,,,,years
,british,,,,,,,,,,,,,,,,,,,,,,,,,,,news,,,,,,,,,,,,,,,,,wildfires,,,,
,,,,,,,,,,electric,,,fires,,hawaiian,,,,,,,,,,,,,,,people,,,,,,,,,,,,,,,,,,,
,,,,climate,,,,,,,,,,,,,,,,,,,,,maui,,,,,,,,,,,,,,,,,,,,,,,,
,,,,,,,,,,,,,,,,,,,,,,,,,,,,,,,,,,,,,,,,,,,,,,,,,
,,,,,,,,,,,,,,,,,,,,,,,,make,maui,,new,,,people,,,,,,,,thursday,,,,,,,wildfires,,,,
,,,change,climate,,,,,,,,,,,,,,,,,,,,,,,,,,,,,,,,state,,,,,,,,,,,,,
,,,,,,,,,,,,,,,,,,hit,,,,,,make,,,,,,,,,,,,,,,,,,,,,,,,year,
,,,,,,,,,,,,,,,,,,,,,,,,,,,,,,,,,,,,state,,,,,,,,,,,,,
,,,,,,,,,,,,,,,,,,,,,,,,,,,,,,,,,,,,,,,,,,,,,wildfires,,,,
,,,,,,,,,,,,,,,,,,,,,,,,,,,,,,,,,,,,,,,,,,,,,,,,year,
,,,change,climate,,,,,,,,,,,,,,,,,,,,,,,,,,,,,,,,,,,time,,,,,,wildfires,,world,,
,,,,,,,,,,,,,,,,,,,,,,,,,,,,,,,,risk,,says,,,,,,,,,,,,,,,
,,,,,,,,,,,,,,,,,,,,,,,,,,,new,,,,,,,,,,,,,,,,,,,,,,
,,,,,,,,,,,,,fires,,,,,,,just,,,,,,,,,,,,,,,,,,,,,,,,,,,,,
,,,,,,,,,,,,,,,,,,,,,,,,,,,,,,,,,,,,,,,,,,,,,,work,,,
,,,,,,,day,,,,,,,,,,,,,,,,,,,,,,,,,,,,,,,,,,,,,,,,,,
,,california,,,,,,,,,,,,,,,,,,,,,,,,,new,,,,,,,,,,,,,,,,,,,,,,
,,,,,,,day,,,,,,,,,,,,,,,,,,,,,,,,,,,,,,,,,,,,,,,,,,
,,,,,,,,,,,,,,,,,,,,,,,like,,,,,,,,,,,,,,,,,,,,,,,,,,
,,,,,,,,,,,,,fires,,,,,,,,lahaina,,,,maui,,,,,,,,,,,,,,,town,,,,,,,,,years
,,,,,,,,,,,,,,,,,,,,just,,,,,,,,,,,,,,,,,,,,,,,,,,,,,
,,,,,,,,,,,,,,,,,,,,,,,,,,,,,,,,,,,,,storm,,,,,,,,,,,,
,,,,,,,,,,,,,,,,,,,,,,left,,,,,,,,people,,,,,,,,,,,,,,,,,,,
,,,,,,,,,,,,,,,,,,,,,,left,,,,,,,,people,,,,,,,,,,,,,,,,,,,
,,,,,,,,,,,,,,,,,,,,,,,,,,,,,,,read,,,,,,,,,,,,,,,,,,
,,,,,,,,,,,,,,,,,,,,,,,,,,,,,,,,,,,,,,,,,,,,,,,,,
,,,,,,,,,,,,,,,,,,,,,,,,make,,,,,officials,,,,,,,,,,,,,,,,,,,,
,,,,,company,,,,,electric,,firefighters,,,hawaiian,,,,,,,,,,maui,,,,,,read,,,,,,,,,,,,,week,,,,,
,,,,,,,,,,,,,,,,,,,,,,,,,,,,,,,,,,,,,,,,,,,,,,,,,
,,,,,,,,,,,,,,,,,,,,,,,,,,,,,,,,,,,,,,,time,,,,,,,,world,,
,,,,,,,,,,,,,fires,,,,,,,,,,like,,,,,,,,,,,,,,,,,,,,,,,,,,
,,,,,,,,,,,,,,,,,,,,,,,,,,,,,,,,,,,,,,,,,,,,,,,,,
,,,,,,,,,,,,,,,,,,,,,,,,,,,,,,people,,,,,,,,,,,,,,,,,,,
,,,,,,,day,,,,,,,,,,,hit,,,,,,,,,new,,,,,,,,,,,,time,,,,,week,,,,,
,,,,,,,,,,,,,,,,,,,,,,,,,,,,,,,,,,,,,,,,,,,,,,,,,
,,,,,,,,,deadly,electric,,,,,hawaiian,,,,,,,,,,maui,,,,,,,,,,,,,,,,,video,,,,,,,
,,california,,,,,,,,,,,,,,,,,,,,,,,,,,,,people,,,said,,,,,,,,,,,,,,,,
,,,,,,,,,,,,,,,,,,,,,,,,,,,,,,,,,,,,,,,,,,,,,,,,,
,,,,,,,,,,,,,,,,,,,,,,,,,,,,,,,,,,,,,,,,,,video,,,,,world,year,
,,,,,,,,,,,,,,,,,,,,,,,,,,,,,,,,,,,,,,,,,,,,,,,,,
,,,,,,,,,,,,,,,,,,,hurricane,,,left,,,,,,,,,,,,,,,,,,,,,,,,,,,
,,,,,,,,,,,,firefighters,,,,,,,,,,,,,,,,,,,,,,,,,,,,,,,,,,,,,
,,,,,,,,,,,,,,,,,,,,,,,,,,,,,,,,,,says,,,,,,,,,,,,,,,
biden,,,,,,,,,,,,,,,,,hilary,,,,,,,,,,new,,,,,,,,season,,storm,,,,tropical,,,,,,,,
,,,,,,,,,,,,,,,,,,,,,,,,,,,,,,,,,,,,,,,,,,,,,,,,,
biden,,,,,,,,,,,,,,,,,,,,,lahaina,,,,maui,,,,,,,,,,,,,,,,,,,,wildfires,,,,
,,,,,,,,,,,,,,,,,,,,,,,,,,,new,,,,,,,,,,,,,,,,,,,,,,
,,,,,,,,,,,,,,,,,,,,,,,,,,,,,,,,,,,,,,,,,,,,,,,,,
,,,,,,,,,,,,,,,,,,,,,,,,,,,,,,,,,,,,,,,,,,,,,,,,,
,,,,,,,,,,,,,,,,,,,,,,,,,,,,,,,,,,,,,,,,,,,,,,,,,
,,,,,,,,,deadly,,,firefighters,,,,,,hit,,,,,,,,,,,,,,,,,,,,,,,,video,,,wildfires,,,,
,,,,,,,,,,,,,,,,,,hit,,,,,,,,,,,,,,,,,,,,,,,,,,,,,,,
,,,,,,,,,,electric,,,,,,,,,hurricane,,,,,,,,,news,,,,,,,,,,,,,,,,week,,,,,
,,,,,,,,,,,,,,,,,,,,,,,,,,,,,,,,,,,,,,,,,,,,,,,,,
,,,,,,,,,,,,,,,,,,,,,,,,,,,,,,,,,,,,,,,,,,,,,,,,,
,,,,,,,day,,,,,,,,,,,,,,,,,,,,new,,,,,,,,,,,,time,,,,,week,,,,,
,,,,,,,,,,,,,,,,,,,,,,,,,,,,,officials,,,,,,,state,,,,,,,,,,,,,
,,,,,,,,,,,,,,,,,,,,,,,,,,,,,,people,,,,,,,,,,,,,,,,,,,
,,,,,,,,,,,,,,,,,,,,just,,,,,,,,,,,read,,,,,,,,,,,,,,,,,,
,,,,,,,,,,,,,,hawaii,,,,,,,,,,,,,,,,,,,,,,,,,,,,,,,,,,,
,,,,,,,,,,,,,,,,,,,,,,,like,,,,,,,,,,,,,,,,,,,,,,,,,,
,,,,,,,,,,,,,,,,,,,,,,,,,,,,,,,,,,,,,,,,,,,,,,,,,
,,,,,,,,,,,,,,,,,,,,,,,,,,,,,,,,,,says,,,,,,,,,,,,,,,
,,,,,,,,,,,,,,hawaii,,,,,,,,,,,,,,,,people,,,said,,,,,,,,,,,,,,,,
,,,,,,,,,,,,firefighters,,,,,,,,,,,,,,,,,officials,,,,said,,,,,,,,,,,,,,,,
,,,,,,,,,,,,,,,,,,,,,lahaina,,,,,,,,,,,,,,,,,,,,,,,,,,,,
,,,,,,,,,,,,,,hawaii,,,,,,,,,,,,,,,,people,,,,,,,,,,,,,,,wildfires,,,,
,,,,,,,,,,,,,,hawaii,,,,,,,lahaina,,,,,,,,,,,,said,,,state,,,,,,,,,,work,,,
,,california,,,,,,,,,,,,,,,,,,,,,,,,national,,,,,,,,,,,,,,,,,,,wildfires,work,,,
,,,,,,,,days,,,,,,,,,,,,,,,,,,,,,,,,,,,,,,,,,,,,,,,,,
biden,,,,,,,,,,,,,,,,,,,,,,,,,,,,,,,,,,,,,,,,,,,,,,,,,
,,,,,,country,,,,,,,,,,,,,,,,,,make,,,,,,,,,,,,,,,,,,,,,wildfires,,,,
,,,,,,,,,,,,,,,,,,,,,,,,,,,new,,,,,,,,,,,,,,,,,,,,,,
,,,,,,,,,,,,,,,,,,,,,,,,,,,,,,,,,,,,,,,,,,,,,,,,,
,,,,,,,,,,,,,,,,,,,,,,,,,,,,,,,,,,,,,,,,,,video,,,,,,,
,,,,,,,,,,,,,,,,,,,,,,,,,,,,,,,,,,,,,,,,,,,,,,,,,
,,,,,,,,,,,,,,,,,,,,,,,,,,,,,,,,,,,,,,,,,,,,,,,,,
,,,,,,,,,,,,,,,,,,,,just,,,,,,,,,,,,,,,,,,,,,,,,week,,,,,
,,,,,,,,,,,,,fires,,,,,,,,,,,,,,,,,,,,,,,,,,,,,,,,,,,,
,british,,,,,,,,,,,,,,,,,,,,,,,,,,,,,,,,,,,,,,,,,,,,,,,,
,,,,,,,,,,,,,,,,,,,,,,,,,,,,,,,,,,,,,,,,,,,,,,,,,
,,,,,,,,,,,,,,,,,,,,,,,,,,,,,,people,,,,,,,,,,,,,,,,,,,
,,,,,,,,,,,,,,,,,,,,,,,,,,,,,,,,,,,season,,,,,,,,,,,,,,
,,,change,climate,,,,,,,,,,,,,,,,,,,,,,,,,,,,,,,,,,,,,,,,,wildfires,,,,
,,,,,,,,,,,,,,,,,,,,,,,,,,,,,,,,,,,,,,,,,,,,,,,,,
,,,,,,,,,,,,,,,,,,hit,,,,,,,,,new,,,,,,,,,,,,,,,,,,,,,,
,,,,,,,,,,,,firefighters,,,,,,,,,,,,,,,,,,people,,,,,,,,,,,,,,,,,,,
,,,,,,,,,,,,,,,,,,,,,,,,,,,,,,,,,,,,,,,,,,,,,,,,,
,,,,,,,,,,,,,,,,,,,,,,,,,,,,,,people,,,,,,,storm,,,,tropical,,,,,,,,
,,,,,,,,,,,,,,,,,,,,,,left,,,,,,,,,,,said,,,state,,,,,,,,,,,,,
,,,,,,,,,,,,,,,,,,,,,,,,,,,,,,,,,,,,,,,,,,,,,,,,,
,,,,,,,,,,,,,,,,,,,,,,,,,,,,,,,,,,,,,,,,,,,,,,,,,
,,,,,,,,,,,,,,,,,,,,,,,,,,,,,,,,,,,,,,,,,,,,,,,,,
,,,,,,country,,,,,,,,,,,,,,,,,,,,,,,,,,risk,,,,,,,,,,,,,,,,,
,,,,,,,,,,,,,,,,,,,,,lahaina,,,make,,,,,,,,,,says,,,,,,,,,,,,,,,
,,,,,,,,,,,,,,,,,,,,,,,,,,,,,officials,,read,,said,,,,,thursday,,,,,,,,,,,
,,,,,,,,,,,,,,,,,,,,,,,,,,,,,officials,,,,,,,,,,,,,,,,,,,,
,,,,,,,,,,,,,,,,,,,,,,,,,,,,,,,,,,,,,,,,,,,,,,,,,
,,,,,,,,,,,,,,,,,,,,,,,like,,,,,,,,,,,,,,,,,,,,,,,,,year,
,,,,,,,,,,,,,,,,,,,,,,,,,,,new,,,,,,,,,,,,,,,,,,,,,,
,,,,,,,,,,electric,,,,,,,,,,just,,,,,,,,,,,,,,says,,,,,,,,,,,,work,,,
,,,,,,,,,,,,,,,,,,,,,,,like,,,,,,,,,,,,,,,,,,,,,week,,,,,
,,,,,,,,,,,,,,,,,,,,,,,,,,,new,,,,,,,,,,,,,,,,,,,,,,
,,,,,,,,,,,,,,,,,,,,,,,,make,,,,,,,,,,,,,,,,,,,,,,,,,
,,,,,,,,,,,,,,,,high,,,,,,,,,,,,,,,read,,,,,state,,,,,,,,,,,,,
,,,,,,,,,,,,,,,,,,,,,,,,,,,new,,,,,risk,,,,,,,,,,,,,wildfires,,,,years
,,,,,,,,,,,,,,,,,,,,,,,,,maui,,,,,,,,,,,,,,,,,,,,,,,,
,,,,,,,,,,,,,,,,,,,,,,,,,,,,,,,,,,,,,,,,,,,,,,,,,
,,,,,,,,,,,,,,,,,,,,,,,,,,,,,,people,,,said,,,,,thursday,,,,,,,,,,,
,,,,,,,,,,,,,,,,,,,,,,,,,,,,,,,,,,,,,,,,,,,,,,,,,
,,,,,,,,,,,,,,,,,,,,,,,,,,,,,,,,,,,,,,,,,,,,,,,,,
,,,,,,,,,,,,,,,,,,,,,,,,,,,,,,people,,,said,,,,,thursday,,,,,,,,,,,
,,,,,,,,,deadly,,,,,,,,,,,,,,,,,,,,,,,,,says,,,,,,,,,,week,,,,,
,,california,,,,,,,,,,,,,,,,,,,,,,,,,,,,,,,said,,,,,,,,,,,,,,,,
,,,,,company,,,,,electric,,firefighters,,,hawaiian,,,,,,,,,,maui,,,,,,read,,,,,,,,,,,,,week,,,,,
,,,,,,,,,,,,,,,,,,,,,,,,,,,,,,,,,,,,,,,,,,,,,,,,,
,,california,,,,,,,,,,,,,,,hilary,,,,,,,,,,,,,,,,,,,,storm,,,,tropical,,water,,,,,year,
,,california,,,,,day,,,,extreme,,,,,,hilary,,hurricane,,,,,,,national,new,,,,,,,,,,storm,,,,tropical,,,,,,world,,
,,,,,,,,,,,,,,,,,,,,,,,,,,,,,,,,,,,,,,,,,,,,,,,,,
,,,,,,,,,,,,,,,,,,,,,,,,,,,,,,,,,,,,,,,,,,,,,,,,,
,,,,,,,,,,,,,,,,,,,,,,,,,,,,,,,,,,,,,,,,,,,,,,,,,
,,,,,,,,,,,,,,,,,,,,,,,,,,,,,,,,,,,,,,,,,,,,,,,world,,
,,,,,,,,,,,,,,,,,,,,,,left,,,,,,,,,,,,,,,,,,,,,,,,,,,
,,,,,,,,,,,,,,,,,,,,,,,,,,,,,,,,,,,,,,,,,,,,,,,world,,
,,,,,,,,,,,,,,,,,,,,,,,,,,,new,,,,,risk,,,,,,,,,,,,,,work,,,
,,,,,,,,,,,,,,,,,,,,,,,,,,,,,,,,,,,,state,,,,,,,,,,,,,
,,,,,,,,,,,,,,,,,,,,,,,,,,,,,,,,,,,,,,,,,,,,,,,,,
,,,,,,,,,,,,,,,,,,,,,,,,,,,,,,,,,said,,,,,,,,,,,,,,,,
,british,,,,,,,,,,,,,,,,,,,,,,,,,,,,officials,,,,,,,,,,,,,,,,wildfires,,,,
biden,,,,,,,,,,,,,,,,,,,,,,,,,,,,,,,,,,,,,,,,,,,,week,,,,,
,,,,,,,,,,,,,,,,,,,,,,,,,,,,,,,,,,,,,,,,,,,,,,,,year,
,,,,,,,,,,,,,fires,,,,,,,,,,like,,,,,,,,,,,,,,,,,,,,,,,,,,
,,,,,,,,,,,,,,,,,,,,,,,,,,,,,,,,,,,,,,,,,,,,,,work,,,
,,,,,,,,,,,,,,,,,,,,,,,,,,,,,,people,,,,,,,,,,,,,,,,,,,years
,,,,,,country,,,,,,,,,,,,,,,,,,,,,,,,,,,,,,,storm,,,,tropical,,,,,,,,
,,,,climate,,,,,,,,,,,,,,,,,,,,,,,,,,,,,,,,,,,,,,,,,,,,,
,,,,climate,,,,,,,extreme,,,,,,,,,just,,,,,,,,,,,,,,,,,,,,,,,,,,,,,years
,,,,,,,,,,,,,,,,,,,,,,,,,,,,,,,,,,,,,,,,,,,,,,,,,
,,,,,,country,,,,,,,,,,,,,,,,,,,,,,,,,,,,,,,,,,,,,,,,,,,
,,,,,,,,,,,,,,,,,,,,,,,,,,,,,,,,,,,,,,,,,,,,,,,,,
,,,,,,,,,,,,,,,,,,,,,,,,,,,,,,,,,,,,,,,,,,,water,,,,,year,years
,,,,,,,,,,,,,,,,,,,,,,,,,,,new,,,,,,,,,,,,,,tropical,,,,,,,,
,,,,,,,,,,,extreme,,,,,,,,,,,,,,,,,,,,,,,,,,,,,,,,,,,,,,years
,,,,,,,,,,,,,fires,,,high,,,,,,,,,maui,,,,,,,risk,,,,,storm,,,,,,,,,,,,years
,,,,,,,,,,,,,,,,,,,,,,,,,,,new,,,,,,,,,,,,time,,,,,,,,,,
,,,,,,,,,,,,,,,,,,,,,,,,,,,new,,,,,,,,,,,,time,,,,,,,,,,
,,,,,,,,,,,,,,,,,,,,just,,,,,,,,,,,,,,says,,,,,,,,,,,,,,,
,,,,,,,,,,,,,,,,,,,,,,,,,,national,,,,,,,,,,,,thursday,,,,,,,,,,,
,,,,,,,,,,,,,,,,,,,,,,,,,maui,,,,,,,,,says,,,,,,,,,,,,,,,
,,,,,,,,,,,,,,,,,,,,,,,,,,,,,,,,,,,season,,,,,,,,,,,,,year,
,,,,,,country,,,,,,,,,,,,,,,,,,,,,,,,people,,,,,,,,,,,,,,,wildfires,,,,
,,,,,,,,,,,,,,,hawaiian,,,,,,lahaina,,like,,,,,,,,,risk,,,,,,,,town,,,,,,,,,
,,,,,,,,,,,,,,,,,,,,,,,,,,,new,,,,,,,,,,,,,,,,,,,,,,
,,,,,,,,,,,,,,,,,,,,,,,,,,,,,,,,,,,,,,,,,,,,,,,,,
,,,,,,,,,,,,,,,,,,,,,,,,,,,,,,,,,,,,,,,,town,,,,,,,,year,
,,,,,,,,,,,extreme,,,,,,,,,,,,,,,,,,,,,,,,,,,,,,,,,,,,,year,years
,,,,,,,,,,,,,,,,,,,,,,,,,,,,,,,,,,,,,,,,,,,water,,,,,,
,,,,,,,,,,,,,,,,,,,,,,,,,maui,,,,,,,,,,,,,,,,,,,,,,,,
,,,,,,,,,,,,,,,,,,,,,,,,,,,,,,,,risk,,,,,,,,,,,,,wildfires,,,,
,,,,,,,,,,,,,,,,,,,,,,,,,,,,,,,,,,,,,,,,,,,,,,,,,
,,,,,,,,,,,,,fires,,,,,,,,,,,,,,,,,,,,,,,,,,,,,,,,,,world,,
,,,,,company,,,,,electric,,,,,hawaiian,high,,,,,,,,,,,,,,,,,said,,,,,,,,,,,,,,,,
,,,,,,,,,,,,,,,,,,,,,,,,,,,,,,,,,,,,,,,,,,,water,,,,world,,
,,,,,,,,,,,,,,,,,,,,,,,,,,,,,,,,,,says,,,,,,,,,,,,,,,
,,,,climate,,,,,,,extreme,,,,,,,,,,,,,,,,,,,,,,,,,,,,,,,,,,,,world,,
,british,,,,,,,,,,,,,,,,,,,,,,,,,,,,,,,,said,,season,,,,,,,,,,,,,,
,,,,,,,,,,,,,,,,,,,,,,,,,,,,,,,,,,,,,,,,,,,water,,,,,,years
,,,,,,,,,,,,,,,,,,hit,,,,,,,,,,,,,,,said,,,,,thursday,,,,,,,,,,year,
,,,,,,,day,,,,,,fires,,,,,,,,,,,,,,,news,,,,,,,,,,,,,,,,,,,,,
,,,change,climate,,,,,,,,,,,,,,,,,,,,,,,new,,,,,,,,,,,,,,,,,,,,world,,
,,,,,,,,,,,,,,,,,,,,,,,,,,,,,,,,,,,,,,,,,,,,,,,,,
,,,,,,,,,,,,,,,,,,,,,,left,,,,,,,,,,,,,season,,,,,,,,,,,,,,
,,,change,climate,,,,,,,,,,,,,,,,,,,,,,,,,,,,,,,,,,,,,,,,,wildfires,,,,
,,,,,,country,,,,,,,,,,,,,,,,,,,,,,,,,,,,,,,,,,,,,water,,,,,,
,,,,,,,,,,,,,,,,high,,hit,,,,,,,,,,,,people,,,,,,,,,,,,,,,,,,,
,,,change,climate,,,,,,,,,,,,,,,,,,,,,,,new,,,people,,,,,,,,,,,,,,,,,,,
,,,,,,,,,,,,,,,,,,,,,,,,,,,,,,,,,,,,,,thursday,,,,,,,,,,,
,,,,,,,,,,,,,,,,,,,,,,,,,,,,,,,,,,,,,,,,,,,water,,,,,,
,,,,,,,,,,,,,,,,,,,,,,,,,,,,,,,,,,,,,,,,,,,,,,,,,years
,,,,,,,,,,,,,,,,,,,,,,,,,,,,,,,,,,,,,,,,,,,,,,,,year,
,,,,,,country,,,,,,,,,,,,,,,,,,,,,,,,,,,,,,,,,,,,,,,,,,,
,,,,,,,,,,,,,,,,,,,,,,,,,,,,,officials,,,,,,,,,,,,,,water,,,,,,
,,,,,,,,,,,,,,,,,,,,,,,,,,,,,,,,,,,,,,,,,,,,,,,,,
,,,,,,,,,,,,,,,,,,,,,,,,,,,new,,,,,,,,,,,,,,,,,,,,,,
,,,,,,,,,,,,,,,,,,,,,,,,,,,,,,,,,,,,,,,,,,,,,,,,,
,,,,,,,,,,,,,,,,,,,,,,,,,,,,,,,,,,,,,,,time,,,,,,,,,,
,,,,,,,,,,,,,,,,,,,,,,,,,,,,,,,,,said,,,,,,,,,,,,,,,,
,,,,,,,,,,,,,,,,,,,,,,,like,,,,,,,,,,said,,season,,,,,,,,,,,,,year,
,,,,,,,,,,,,,,,,,,,,,,,,,,,,,,,,,,,,,,,,,,,,,,,,year,
,,,,,,,,,,,,,,,,,,,,,,,,,,,,,,,,,,,,,,,,,,,,,,,,year,
,,,,,,,,,,,,,,,,,,,,,,,,,,,new,,,,,,said,,,,,,,,,,water,,,,,,
,,,,,,,,,,,,,,,,,,,,,,,,,,,,,,,,,,,,,,,,,,,,,,,,,
,,,change,climate,,,,,,,,,,,,,,,,,,,,,,,,,,,,,,,,,,,,,,,water,,,,,,
,,,,,,,,,,,,,,,,,,,,,,,,,,,,,,,,,,,,,,,,,,,,,,,,,
,,,,,,,,,,,,,,,,,,,,,,,,,,,,,,,,,,,,,,,,,,,,week,,,,,
,,,change,climate,,,,,,,,,,,,,,,,,,,,,,,,,,,,,,,,,,,time,,,,,,,,,,
,,,,,,,,,,,,,,,,,,,,,,,,,,,,,,,,,,,,,,,,,,,,,,,,,
,,,,,,,,,deadly,,,,,,,,,,,,,,,,maui,,,,officials,,,,,,,,,,,,,,,,wildfires,,,,
,,,,,,,,,,,,,,,,,,,,,,,like,,,,,,,,,,,,,,,,,,,,,,,,,,
,,,,,,,,,,,,,,,,,,,,,,,,,,,,,,,,,,,,,,,,,,,,,,,,,
,,,,,,,,,,,,,fires,,,,,,,,lahaina,,,,maui,,,,,,,,,,,,,,,town,,,,week,wildfires,,,,
,,,,,,,,,,,,,,,,,,,,,,,,,,,,,,,,,,,,,,,,,,,,,,,,,
,,,,,,,,,,,,,,hawaii,,,,,,,,,,,maui,,,,,,,,,,,,,,,,,,,,,,world,,
,,,,,,,,,,,,,,,,,,,,,,,,,,,,,,,,risk,,,,,,,,,,,,,,,,,
,,,,,,,,,,,,,,,,,,,,,,,,,,,,,,,,,,,,,,,,,,,,,,,,year,
,,,,,,,,,,,,,,,,,,,,,,,,,,,new,,,,,,,,,,,,,,,,,,,,,,
,,,,climate,,,,,,,,,,,,,,,,,,,,,,,,,,,,,,,,,,,,,,,,,,,,,
,,,,,,,,,,,,,,,,,,,,,,,,,,,,,,,,,,says,,,,,,,,,,,,,world,year,
,british,,,,,,,,,,,,,,,,,,,,,,,,,,,,,,,,said,,,,storm,,,,,,,,,,,,
,,,,,,,,,,,,,fires,,,,,,,,,,,,,,,,,,,,,,,state,,,,,,,,,wildfires,,,,
,,,,,,,,,,,,,fires,,,,,,,,,,,,,,,,,,,,,,,state,,,,,,,,,wildfires,,,,
,,,,,,,,,,,,,,,,,,,,,,,,,,,,,,,,,,,,,,,,,,,water,,,,,,
,,,,,,,,,,,,,,,,,,,,,,,,make,,,,,,,,,,,,,,,,,,,,,,work,,,
,,,,,,,,,,,,,,,,,,,,,,,,,,,,,,,,,,,,,,,,,,,,,,,,,
,,,,,,,,,,,,,fires,,,,,,,,lahaina,,,,maui,,,,,,,,,,,,,,,town,,,,,,,,,years
,,,,,,,,,,,,,,,,,,,,,,,,,,,,,,,,,,,,,,,,,,,,,,,,,
,,,,,,,,,,,,,,,,,,,,,,,,,,,,,,,,,,,season,,,,,,,,,,,,,,
,,,,,,,,,,,,,,,,,,,,,,,,,,,,,,,,,,,,,,,,,,,,,,work,,,
,,,,,,,,,,,,,,,,,,,,,,,,,,,new,,,,,,,,,,,,,,,,,,,,,,
,,,,,,,,,,,,,,,,,,,,,,,,,,,,,,,,,,,,,,,,,,,,,,,,,
,,,,,,,,,,,,,,,,,,,,,,,,,maui,,,,,,,,,,,,,,,,,,,,,,,,
,,,,,,,,,,,,firefighters,,,,,,,,,,,,,,,,,,people,,,,,,,,,,,,,,,,,,,
,,,,,,,,,,,,,,,,,,,,,,,,,,,,,,,,,,,,,,,,,,,,,,,,,
,,,,,,country,,,,,,,,,,,,,,,,,,,,,,,,,,,,,,,,,time,,,,,,,,,,
,,,,,,country,,,,,,,,,,,,,,,,left,,,,,,,,people,,,said,,,,,,,,,,,,wildfires,,,,
,,,change,climate,,,,,,,,,,,,,,,,,,left,,,,,,,,people,,,,,,,,,,,,,,,,,,,
,,,,,,,,,,,,,,,,,,,,,,,,,,,,,,,,,,,,,,,,,,,,,,,,,
,,,,,,,,,,,,,,,,,,,,,,,,,,,,,,,,,said,,,,,,,,,,,,,,,year,
,,,,,,,,,,,,,,,,,,,,just,,,,,,,,,,,read,,,,,,,,,,,,,,,,,,
,,,,,,,,,,,,,,,,,,,,,,,,,,,,,,,,,,,,,,,,,,video,,,,,,,
,,,,,,,,,,,,,,,,,,,,,,,,,,,,,,people,,,,,,,,,,,,,,,,,,,
,,,,,,,,,,,,,,,,,,,,,,,,,,,,,,,,,,,,,,,,,,,,,,,,,
,,,,,,,,,,,,,,,,,,,,,,,,,,,,,,,read,,,,,,,,,,,,,,,,,,
,,,,,,,,,deadly,,,,,,,,,,,,,,,,,,,,,,,,,,,,,,,,,,,,,,,,
,,,,,,,,,,,,,,,,,,,,,,,,,,,,,,,,,,,,,,,,,,,,,,,,,
,,,,,,,,days,,,,,,,,,,,,,,,,,,,,,,people,,,,,,,,,,,,,,,,,,,
,,,,,,,,,,,,,,,,,,,,,,,,,,,new,,,,,,,,,,,,,,,,,,,,,,
,,,,,,,,,,,,,,,,,,,,,,,,,,,,,,,,,,,,,,,,,,,,,,,,,
,,,,,,,day,,,,,,,,,,,,,,,,,,,,,,,,,,,,,,,,,,,,,week,,,,,
,,,,,,,,,,,,,,,,,,,,,,,,,,,new,,,,,,,says,,,,,,,,,,,,,,,years
,,,,,,,,,,,,,,,,,,,,,,,,,,,,,,,,,,,,,,,,,,,,,,,,,
,,,,,,,,,,,,,,,,,,,,,,,,,,,,,,,,,,,,,,,,,,,,,,,,,
,,,,,,,day,,,,,,,,,,,,,,,,,,,,,,,,,,,,,,,,,,,,,,,,,,
,,,,,,,,,deadly,,,firefighters,,,,,,hit,,,,,,,,,,,,,,,,,,,,,,,,video,,,wildfires,,,,
,,,,,,,,,,,,,,,,,,,,just,,,,,,,,,,,,,,,,,,,time,,,,,,,,,,
,,,,climate,,,,,,,,,,,,,,,,,,,,,,,,,,,,,,,,,,,,,,,,,wildfires,,,year,
,,,,,,,,,,,,,,,,,,,,,,,,,,,new,,,,,,,,,,,,,,,,,,,,,,
,,,,,,,,,,,,,,,,,,,,,,,,,,,,,,,,,,,,,,,,,,,,,,,world,,
,,,,,,,,,,,,,,,,,,,,,,,,,,,,,,,,,,,,,,,,,,,,,,,,,
,,,,,,,,,,,,,,,,,,,,,,,,,,,,,,,,,,,,,,,,,,,,,,,,,
,,,,,,,,,,,,,,,,,,,,,,,,,,,,,,,,,,,,,,,,,,,,,,,,,
,,,,,,,,,,,,,,,,,,,,,,,,,,,,,,,,,,,,,,,,,,,,,,,,,
,,,,,,,,,,,,,,,,,,,,,,,,,,,,,,,,,,says,,,,,,,,,,,,,,,
,,,,,,,,,,,,,,,,,,,,,,,,,,,,,,,,,,,,,,,,,,,,,,,,,
,,,,,,,,,,,,,,,,,,,,,,,,,,,,,,,,,,,,,,,,,,,,,,,,,
,,,,,,,,,,,,,,,,high,,,,,,,,,,,,,,,,,said,,,,,,,,,,,,,,,,
,,,,,,,,,,,,,,,,,,,,,,,,,,,,,,,,,,,,,,,,,,,,,,,,year,
,,,,climate,,,,,,,,,,,,,,,,,,,,,maui,,,,,,,,,,,,,,,,,,,,,,,,
,,,,,,,,,,,,,,,,,,,,,,,like,,,,,,,,,,,,,,,,,,,,,,,,,,
,,,,,,,,,,,,,,,,,,,,,,,,,,,,,,,,,,,,,,,,,,,,,,,,,
,,,,,,,,,,,,,,,,,,,,,,,,,,,,,,,,,,,,,,,,,,,,,,,,,
,,,,,,,,,,,,,,,,,,,,just,,,,,,,,,,,read,,,,,,,,,,,,,,,,,,
,,,,,,,,,,,,,,,,,,,,,,,,,,,,,,,,,,,,,,,time,,,,,week,,,,,
,,,,,,,,,,,,,,,,,,,,,,,,,maui,,,,,,,,said,,,,,,,,,,,,,,,,
,,,,,,,,,,,,,,,,,,,,,,,,,,,,,,,,,,,,,,,time,,,,,,,,,,
biden,,,,,,,,,,,,,,,,,,,,,lahaina,,,,maui,,,,,,,,,,,,,,,,,,,,wildfires,,,,
,,,,,,,,,,,,,,,,,,,,just,,,,,,,,,,,,,,,,,,,,,,,,,,work,,,
,british,,,,,,,,,,,,,,,,,,,,,,,,,,,news,,,,,,,,,,,,,,,,,wildfires,,,,
,,,,,,,,days,,,,,,,,,,,,,,,,,,,,,,,,,,,,,,,,,,,water,,,,,,
,,,,,,,,,,,,,,,,,,,,,,,,,,,,,,,,,,,season,,,,,,,,,,,,,,
,,,,,,,,,,,,,,,,,,,,,,,,,,,,,,,,,,,,,,,,,,,,,,,,,
,,,,climate,,,,,,,,,,,,,,,,,,,,,,,,,,,,,,,,,,thursday,,,,,,,wildfires,,,,
,,,,,,,,,,,,,,,,,,,,,,,,,,,,,,,,,,,,,,,,,,,,,,,,,
,,,,,,,,,,,,,,,,,,,,,,,,,,,,,,,,,,,,,,,,,,,,,,,,,
,,,,,,,,,,,,,,,,,,,,,,,,,,,,,,people,,,,,,,,,,,,,,,,,,,
,,,,,,,,,,,,,,,,,,,,,,,,,,,,,,,,,,,,,,,,,,,,,,,,,
,,,,,,,,,,,,,,,,,,,,,,,,,,,new,,,,,,,,,,,,,,,,,,,,,,
,,,,,,,,,,,,,,,,,,,,,,,,,,,,,,,,,,,,,,,,,,,,,,,,,
,,,,,,,,,,,,,,,,,,hit,,,,,,,,,,,,,,,,,,,,,,,,,,,,,,,years
,,,,,,,,,,,,,,,,,,hit,,,,,,,,,,,,,,,,,,,,,,,,video,,,,,,,
,,,,,,,,,,,,,,,,,,,,,,,,,,,,,,,,,,,,,,,,,,,,,,,,,
,,,,,,,,,,,,,,,,,,,,,,,,,,,,,,,,,,,,,,,,,,,,,,,,,
,,,,,,,,,,,,,,,,,,,,,,,,,,,,,,,,,,,,,,,,,,,water,,,,,,
,,,,,,,,,,,,,,,,high,,,,,,,,,,,new,,,,,,,,,,,,,,,,,,,,,,
,,,,,,,,,,,,,,,,,,,,,,,,,,,,,,,,,said,,,,,,,,,,,,,,,,
,,,,climate,,,,,,,,,,,,,,,,,,,,,,,,,,people,,,,,,,,,,,,,,,wildfires,,,,
,,,,,,country,,,,,,,,,,,,,,,,,,,,,new,,,,,,,,,,,,,,,,,week,,,,,
,,,,,,,,,,,,,,,,,,,,,,,,,,,,,,,,,,,,,,,,,,,,,,,,year,
,,california,,,company,,,,,,,,,,,,,,,,,,,,,,,,,,,,,,,,,,,,,,,,,,,,
,,california,,,,,,,,,,,fires,,,,,,,,,,,,,,,,,,,,said,,,,,,,,,,,,,,,,
,,,,,,,,,,,,,,,,,,,,,,,,,,,,,,,,,,,,,,,,,,,,,,,,year,
,,,,,,,,,,,,,,,,,,,,,,,,,,,,,,,,,,,,,,,,,,,,,,,,,
,,,,,,,day,,,,,,,,,,,,,,,,,,,,new,,,,,,,,,,,,,,,,,,,,,,
,,,,,,,,,,,,,,,,,,,,,,,,,,,new,,,,,,,,,,,,,,,,,,,,,,
,,,,,,,,,,,,,,,,,,,,,,,,,,,,,,,,,,,,,,,,,,,,,,,,,
,,,,,,,,,,,,,,,,,,,,,,,,,,,,,,,,,,,,,,,,,,,,,,,,,
,,,,,,,,,,,,,,,,,,,,,,,,,,,,,,,,,said,,,,,,,,,,,,,,,,
,,,,,,,,,,,,,,,,,,,,,,,,,,,,,,,,,,,,,,,,,,,,,,,,,
,,,,,,,,,,,,,,,,,,,,,,,like,,,,,,,,,,,,,,,,,,,,,,,,,year,
,,,,,,country,,,,,,firefighters,,,,,,,,,,,,,,,,,,people,,,,,,,,,,,,,,week,wildfires,,,,
,british,,,,,,,,,,,,,,,,,,,,,,,,,,,,,,,,,,,,,,,,,,,,,,,year,
,,,,,,,,,,,,,,,,,,,,just,,,,,,,,,,people,,,,,,,,,,,,,,,,,world,,
,,,,,,,,,,,,,,,,,,,,,,,,,,,,,,,,,,,,,,,,,,,,,,,,,
,,,,,,,,,,,,,,,,,,,,,,,,make,,,,,,,,,,,,,,,,,,,,,,,,,
,,,,,,,,,,,,,,,,,,,,,,,,make,,,new,,,,,,,,,,,,,,,,,,,,,,
,,,,,,,,,,,,,,,,,,,,,,,,make,,,,,officials,,,,,,,,storm,,,,tropical,,,,,,,,
,british,,,,,,,,,,,,,hawaii,,,,,,,lahaina,,,,maui,,,,,,,,,,,state,,,,town,,,,,,,,,
,,,,,,,,,,,,,,,,,,,,,,,,,,,,,,,,,,,,,,,,,,,,,,,,,
,,,,,,,,,,,,,,,,,,,,,,,,,,,,,,,,,,,,,,,,,,,,,,,,,
,,,,,,,,,,,,,,,,,,,,,,,,,,,,,,,,,,,,,,,,,,,,,,,,,
,,,,,,,day,,,,,,,,,,,,,,,,,,,,,,,,,,,,,,,,time,,,,,,,,,,
,,,,,,,,,,,,,,,,,,,,,,,,,,,,,,,,,,,season,,,,,,,,,,,,,,
,,,,,,,,,,,,,,,,,,,,,,,,,,,,,officials,,,,,,,,,,,,,,,,,,,,
,,,,,,,,,,,,,,,,,,,,,,,,,,,,,,,,,,,,,,,,,,,,,,,,,years
,,,,,,,,,,,,,,,,,hilary,,hurricane,,,,,,,,new,,,,,,,,,,,,,,,,,,,,,,
,,california,,,,,day,,,,extreme,,,,,,hilary,,hurricane,,,,,,,national,new,,,,,,,,,,storm,,,,tropical,,,,,,world,,
,,,,,,,,,,,extreme,,,,,,,,,,,,,,,,,,,people,,,,,,,,,,,,,,,,,,,
,,,,,company,,,,,,,,,,,,,,,,,,,,,,,,,,,,,,,,,,,,,,,,,,,,
,,,,,,,,,,,,,,,,,,,,just,,,,,,,,,,,,,,,,,,,,,,,,,,,,,
,,california,,,,,,,,,,,,,,,hilary,,,,,,,make,,,,,,,,,,,,,storm,,,,tropical,,,,,,,,years
,,,change,climate,,,,,,,,,,,,,,,,,,,,,,,,,,,,,,,,,,,,,tropical,,,,,,,,
,,,,,,,,,,,,,,,,,,,,,,,,,,,,,,,,,,,,,storm,,,,,,,,,,,,
,,,,,,,,days,,,,,,,,,,,,just,,,,,,,,,,,,,,,,,,,,,,,,,,,,,
,,,,,company,,,,,,,,,,,,,,,,,,,,,,,,,,,,,,,,,,,,,,,,,,,,
,,,,,,,,,,,,,,,,,,,,,,,like,,,,,news,,,,,,,,,,,,,,,,,,,,,
,,,,,,,,,,,,,,,,,,,,just,,,,,,,,,,,,,,,,,,,,,,,,,,,world,,
,,,,,,,,,,,,,,,,,,,,,,,,,,,,,,,,,,,,,,,,,,,,,,,,,
,,,,,,,,,,,,,,,,,,,,,,,,,,,,,,,,,,,season,,,,,,,,,,,,,,
,,,,,,,day,days,,,,,,,,,,,,,,,,,,,,,,people,,,,,,,,,,,,,,,,,,,
,,,,,,,,,,,,,,,,,,,,,,,,,,,new,,,,,,,,,,,,,,,,,,,,,,
,,,,,,,,days,,,,,,,,,hilary,,hurricane,,,,,,,,,,,,,,,,,,,,,,,,,week,,,,,
,,,,,,,,,,,,,fires,,,high,,,,,,,,,maui,,,,,,,risk,,,,,storm,,,,,,,,,,,,years
,,,,,,,,,,,,,,,,,,,,,,,,,,,,,,,,,,,,,,,,,,,,,,,,,
,,,,,,,,,,,extreme,,,,,,,,,,,,,,,,,,,,,,,,,,,,,,,,,,,,,,
,,,,,,,,days,,,,,,,,,,,,,,,,,,,,,,people,,,,,,,,,,,,,,,,,,,
,,,,,,country,,,,,,,,,,,,,,,,,,,,,,,,,,,,,,,storm,,,,tropical,,,,,,,,
,,california,,,,,,,,,,,,,,,,,,,,,,,,,,,,,,,,,,,,,,town,,,,,,,,,
,,,,,,country,,,,,,,,,,,,,,,,,,make,,,,,,,,,,,,,,,,,,,,,wildfires,,,,
,,,,,,,,,,,,,,,,,,,,,,,,,,,,,,,,,,,,,,,,,,,,,,,,,
,,,,,,,,,,,,,,,,,,,,,,,,,,national,,,,,,,,,,,,,,,,,,,,,,,
,,,,,,,,,deadly,electric,,,,,hawaiian,,,,,,,,,,maui,,,,,,,,,,,,,,,,,video,,,,,,,
,,,,,,,,,,,,,fires,,,,,,,,lahaina,,,,maui,,,,,,,,,,,,,,,town,,,,week,wildfires,,,,
,,,,,,,,,,,,,,,,,,,,,,,,,,national,,,,,,,said,,,,,,,,,,,,,,,,
,,california,,,,,,,,,extreme,,,,,,,,,,,,,,,,,,,,,,,,,,,,,,,,,,,,,,
,,,,,,country,,,,,,,,,,,,,,,,,,,,,,,,,,,,,,,,,time,,,,,,,,,,
,,,,climate,,,,,,,,,,,,,,,,,,,,,,,,,,,,,,,,,,,,,,,,,,,,,
,,,,,,,,,,,,,,,,,,,,,,,,,,,,,,people,,,,,,,,,,,,,,,,,,,
,,,,,,,,,,,,,,,,,,,,,,,,,,,,,,,,,,,,,,,,,,,,,,,,year,
,,,,,,,,,,,,,,,,,,,,,,left,,,,,,,,,,,,,,,,,,,,,,,,,,,
,,,,,,,,,,,,,,,,,,,,,,,,,,,,,,,,,,,,,storm,,,,,,,,,,,,years
,,,,,,,,,deadly,,,,,,,,,,,,,,,,,,,,,,,,,,,,,,,,,,,,,,,year,
,,,,,,,,,,,,,,,,,,,,,,,,make,,,,,,,,,,,,,,,,,,,,,,,,,
,,,change,climate,,,,,,,,,,,,,,,,,,,,,maui,,,,,,,,,,,,,,,,,,,,wildfires,,,,
,,,,,,,,,,,extreme,,,,,,,,,,,,,,,,,,,,,,,,,,,,,,,,,,,,,,
,,,,climate,,,,,,,,,,,,,,,,,,,,,,,,,,,,,,,,,,,,,,,,,,,,,
,,california,,,,,,,,,,,,,,,,hit,,,,,,,,,,,,,,,,,,,storm,,,,,,,,,,,,
biden,,,,,,,,,,,extreme,,,,,,,,,,,,,,,,,,,,,,said,,,,,,,,,,,,,,,year,
,,,,,,,,,,,,,,,,,,,hurricane,,,,,,,,,,,,,,,,,,,,,,,,,,,,,,
,,,,,,,,,,,,,,,,,,,,,,,,,,,,news,,,,,,,,,,,,,,,,,,,,,
,,,,,,,,,,,,,,,,,,,,,,,,,,,,,,,,,,,,,,,,,,,,,,,,,
,,,,,,,,,,,,,,,,,,,hurricane,,,,,,,,,,,,,,,,,,storm,,,,,,,,,,,,
,,california,,,,,,,,,,,,,,,hilary,,,,,,,,,national,,,,people,,,said,,,,storm,,,,tropical,,,,,,,,
,,,,,,,,,,,,,,,,,,,,,,,,,,,new,,,,,,,,,,,,,,,,,,,,,,
,,,,,,,,,,,,,,,,,,,,,,,,,,national,new,,,,,,,,,,,,,,,,,,,,,,
,,,,,,,,,,,,,,,,,,,,,,,,,,,,,,,,,,,,,storm,,,,tropical,,,,,,,year,
,,,,,,,,,,,,,,,,,,,,,,,,,,,,,,,,,said,,,,,,,,,,,,,,,,
,,,,,,,,,,,,,,,,,,,,,,,,,,,new,,,,,,,,,,,,,,tropical,,,,,,,,
,,,,,,,,,,,,,,,,,,,,,,,,,,,,,,people,,,,,,,storm,,,,tropical,,,,,,,,
,,,,,,,,,,,,,,,,,,,,,,,,,,,,,,people,,,,,,state,,,,,,,,,,,,,
,,,,,,,,,,,,,,,,,,,,,,,,make,,,,,,,,,,,,,,,,,,,,,,,,,
,,california,,,,,,,,,,,,,,,,,hurricane,,,,,,,,,,,people,,,,,,,storm,,,,tropical,,,week,,,,,
,,,,,,,,,,,,,,,,,,,,,,,,,,,,,,,,,,,,,,,,,,,,,,,,,
,,,,,,,,,,,,,,,,,,,,,,,,,,,,,,,,,,,,,,,,,,,,,,,,,
,,,,,,,,,,,,,,,,,,,,,,,,,,,,,,,,,,,,,,,,,,,,,,,,,
,,,,,,,,,,,,,,,,,,,,,,,,,,,,,,,,,said,,,state,,,,,,,,,,,,,
,,,,,,,,days,,,,,,,,,,,,,,,,,,,,,,,,,,,,,,,,,,,,,,,,,
,,california,,,,,,,,,,,,,,,hilary,,hurricane,,,,,,,,,,,,,,,,,state,,,,,,,,,,,,,
,,,,,,,,,,,,,,,,,,,,,,left,,,,,,,,,,,,,season,,,,,,,,,,,,,,
,,,,,,,,,,,,,,,,,,,,,,,,,,,,,,,,,,,,,,,,,,,,,,,,,
,,,,,,,,,,,,,,,,,,,,,,,,,,national,,,,people,,,,,,,,,,,,,,,,,,,
,,california,,,,,,,,,,,,,,,hilary,hit,hurricane,,,,,,,,,,,,,,,,,,storm,,,,tropical,,,,,,,,
,,,,,,,,,,,,,,,,,,,,,,,,,,,,,,,,,,,,,,,,,,,,,,,,year,
,,,,,,,,,,,,,,,,,,,,,,,,,,,,,,,,,,,,,,,,,,,,,,,,,
,,,,,,,,,,,,,,,,,,,,,,,,,,,,,,,,,,,,,,,,,,,,,,,,year,
,,,,,,,,,,,,,,,,,,,,,,,,,,,,,,,,,,,,,,,,,,,,,,,,,
,,,,,,,,,,,,,,,,high,,,,,,,,,,,,,,,,,,,,,,,,,,,,,,,,,
,,,,,,,,,,,,,,,,,,,,,,,,,,,,,,,,,,,,,,,,,,,,,,,,,
,,california,,,,,,,,,,,,,,,hilary,,hurricane,,,,,make,,,,,,,,,,,,,storm,,,,tropical,,,,,,,,
,,,,,,,,,,,,,,,,,hilary,,,,,,,,,,,,,,,,,,,,storm,,,,tropical,,,,,,,,
,,,,,,,,,,,,,,,,,,,,,,,,,,,,,,people,,,,,,,,,,,,,,,,,,,
,,,,,,,,,,,,,,,,,,,,,,,,,,,,,,,,,said,,,,,,,,,,,,,,,,
,,,,,,,,days,,,,,,,,,,,,,,,,make,,,,,,,,,,,,,,,,,,,,,,,world,,
,,,,,,,,,,,,,,,,,,,,,,,,,,,,,,,,,said,,,,,,,,,,,,,,,,
,,,,,,,,,,,,,,,,,,,,,,,,,,,,,,,,,,,,,,,,,,video,,,,,,,
,,,,,,,,,,,extreme,,,,,,,,,,,,,,,,,,,,,,,,,,,,,,,,,,,,,,
,,california,,,,,,,,,,,,,,,hilary,,hurricane,,,,,,,,,,,,,,,,,state,storm,,,,tropical,,,,,,,,
,,,,,,,,,,,,,,,,,,,,,,,,,,,,,,,read,,,,,,,,,,,,,,,,,,
,,,,,,,,,,,,,,,,,,,,,,,,,,,,,,,,,,,,,,,,,,,,,,,,,
,,california,,,,,,,,,,,,,,,hilary,,,,,,,,,,,,,,,,,,,,storm,,,,tropical,,,,,,,,
,,,,,,,,,,,,,,,,,,hit,,,,,,,,,,,,,,,,,,,,,,,,,,,,,,,
,,,,,,,,,,,,,,,,,,,,,,,,,,,,,,,,,,,,,,,,,,,,,,,,,
,,,,,,,,,,,,,,,,,,,,just,,,,,,,,,,,,,,,,,,,,,,,,,,,,,
,,,,,,,,,,,,,,,,,,,,,,,,,,,new,,,people,,,,,,,,,,,,,,,,,,,
,,,,,,,,,,,,,,,,,,,,,,,,,,,,,,,,,,,,,,,,,,,,,,,,,
,,,,,,,,,,,,,,,,,,,,,,,,,,,new,,,,,,,,,,,,,,,,,,,,,,
,,,,,,,,,,,,,,,,,,,,,,,,,,,,,,,,,,,,,,,,,,,,,,,,,
,,,,,,,,,,,,,,,,,,,,,,,,,,,,,,,,,,,,,,,,,,,,,,,,,
,,,,,,,,,,,,,,,,,,,,,,,,,,,,,,people,,,said,,,,,,,,,,,,,,,,
,,,,,,,,,,,,,,,,,,,,,,,,,,,new,,,,,,,,,,,,,,,,,,,,,year,
,,,change,climate,,,,,,,,,,,,,hilary,,,,,,,,maui,,,,,,,,,,,,storm,,,,tropical,,,,wildfires,,,,
,,,,,,,,days,,,,,,,,,,,,,,,,,,,,,,,,,,,,,,,,,,,,,,,,,
,,,,,,,,,,,,,,,,,,,,,,,,,,,,,,people,,,,,,,,,,,,,,,,,,year,years
,,,,,,,,,,,,,,,,,,,,,,,,,,,,,,,,,said,,,,,thursday,,,,,,,,,,,
,,,,,,,,days,,,,,,,,,,,,,,,,,,,,,,,,,said,,,,,thursday,,,,,,,,,,,
