Wireless_Router,Fitness_Resistance_Bands,Camera,Yoga_Mat,Water_Bottle,Fitness_Tracker,Gaming_Mouse,Espresso_Machine,Bluetooth_Keyboard,Coffee,Coffee_Maker,Noise-Canceling_Headphones,Travel_Luggage,Electric_Scooter,Projector,Smart_Light_Bulbs,Weighted_Blanket,White_Noise_Machine,Hiking_Boots,Backpack,Electric_Kettle,LED_Desk_Lamp,Car_Phone_Mount,Tea,Laptop,Smartwatch,Wireless_Earbuds,Running_Shoes,Drone,External_Hard_Drive,Smart_Thermostat,Virtual_Reality_Headset,Blender,Portable_Speaker
Wireless_Router,Fitness_Resistance_Bands,Camera,Yoga_Mat,Water_Bottle,Fitness_Tracker,,,,,,,,,,,,,,,,,,,,,,,,,,,,
,,,,,,Gaming_Mouse,Espresso_Machine,Bluetooth_Keyboard,Coffee,Coffee_Maker,Noise-Canceling_Headphones,,,,,,,,,,,,,,,,,,,,,,
,,Camera,,,,,,,,,,Travel_Luggage,Electric_Scooter,,,,,,,,,,,,,,,,,,,,
,,,,,,,,,,,Noise-Canceling_Headphones,,,Projector,Smart_Light_Bulbs,Weighted_Blanket,White_Noise_Machine,,,,,,,,,,,,,,,,
,,,,Water_Bottle,,,,,,,,,,,,,,Hiking_Boots,Backpack,,,,,,,,,,,,,,
,,Camera,,,,,,,,,,,,,,,,,,Electric_Kettle,LED_Desk_Lamp,Car_Phone_Mount,Tea,,,,,,,,,,
,,,,,,,,,,,Noise-Canceling_Headphones,,,,,,White_Noise_Machine,Hiking_Boots,Backpack,,,,,,,,,,,,,,
,,,,,,,,,,,Noise-Canceling_Headphones,,,,,,,,Backpack,,,,,Laptop,Smartwatch,,,,,,,,
,,,,,Fitness_Tracker,,Espresso_Machine,,Coffee,Coffee_Maker,,,,,,,,,,,,,Tea,,,Wireless_Earbuds,,,,,,,
,Fitness_Resistance_Bands,,Yoga_Mat,Water_Bottle,Fitness_Tracker,,,,,,,,,,,,,,,,,,,,,,Running_Shoes,,,,,,
,,Camera,,,,Gaming_Mouse,,,,,,,,,,,,,,,,,,Laptop,,,,Drone,External_Hard_Drive,,,,
,,,,,,,,,,,Noise-Canceling_Headphones,,,,,,,,,,,,,Laptop,,,,,External_Hard_Drive,Smart_Thermostat,,,
Wireless_Router,,,,,,,,,,,,,,,,,,,,,,,,,Smartwatch,,,,,,,,
,,Camera,Yoga_Mat,Water_Bottle,Fitness_Tracker,,,,,,,Travel_Luggage,,,,,,,,,,,,,,,,,,,,,
,,,,,,,Espresso_Machine,Bluetooth_Keyboard,Coffee,,,,,,,,,,Backpack,,,,Tea,,,,,,,,,,
,,Camera,,,,,,,,,,Travel_Luggage,,,,,,,,,,,,,,,,,,,,,
,,,,,,,,,Coffee,Coffee_Maker,,,,Projector,,Weighted_Blanket,,,,,,,,,,,,,,,,,
,,,,,,,,,,,,,,,Smart_Light_Bulbs,Weighted_Blanket,,,,,,,,,,,,,,,,,
,,,,,,,,,,,,,,,,,,,,,,,Tea,,,,,,,,,,
,,,,,,,,,Coffee,,,,,,,,,,,Electric_Kettle,,,Tea,,,,,,,,,,
,,,,,,Gaming_Mouse,,,,,Noise-Canceling_Headphones,,,,,,,,,,,,,,,,,,,,Virtual_Reality_Headset,,
,,,Yoga_Mat,,Fitness_Tracker,,,,,,,,,,,,,,,,,,,Laptop,Smartwatch,Wireless_Earbuds,Running_Shoes,,,,,,
,,,,,Fitness_Tracker,,Espresso_Machine,,Coffee,,,,,,,,,,Backpack,,,,Tea,,,,,,,,,Blender,Portable_Speaker
,,Camera,,,,Gaming_Mouse,,,,,Noise-Canceling_Headphones,,,,,,,,,,,,,,,,,Drone,,,,,
,,,,,,Gaming_Mouse,,,,,Noise-Canceling_Headphones,,,,,,,,,,,,,Laptop,,,,,External_Hard_Drive,Smart_Thermostat,,,
